customer_ID,first_name,last_name,DOB,Gender,phone_number,Email_ID
10846,Erick,Ferencz,1989-01-16,M,9072276777,erick.ferencz@aol.com
11007,Ross,Patt,1990-02-25,M,9990231127,Ross@gmail.com
11417,Kylie,Cam,2000-03-09,M,4587296514,Kylie@gmail.com
11525,Kiley,Caldarera,1988-10-03,M,3102543084,kiley.caldarera@aol.com
11568,Bette,Nicka,1987-01-07,F,6104924643,bette_nicka@cox.net
11747,Deeanna,Juhas,1976-02-26,M,2154179563,deeanna_juhas@gmail.com
12286,Minna,Amigon,1976-08-07,F,2154228694,minna_amigon@yahoo.com
12501,Kris,Marrier,1977-02-17,M,4108044694,kris@gmail.com
13243,Matt,Damon,1982-12-04,M,1234567896,Matt@gmail.com
13675,Vallie,Mondella,1986-12-19,F,2087378439,vmondella@mondella.com
13697,Tyra,Shields,2000-04-21,F,2152288264,tshields@gmail.com
14284,Monica,Geller,1985-07-01,F,9591248101,Monica@gmail.com
14371,Camila,Cabilli,1983-02-05,F,5378487123,Camila@gmail.com
14656,Ellen,De,1996-09-03,F,79452115866,Ellen@gmail.com
15175,Chris,Hemsworth,1980-02-22,M,74551522863,Chris@gmail.com
15229,Minnar,Stock,1985-06-09,M,4793514864,Minnar@gmail.com
15260,Cecily,Hollack,0980-02-21,"M,",5128613814,cecily@hollack.org
15845,Bernard,Shaw,1985-06-05,M,7412369875,Bernard@gmail.com
16074,Gladys,Rim,1989-05-29,M,4143772880,gladys.rim@rim.org
16160,Danica,Bruschke,1988-10-24,F,2542051422,danica_bruschke@gmail.com
16229,Youland,Chen,1986-06-16,M,4785216954,Youland@gmail.com
16776,Leo,Nick,1988-07-19,M,8576938695,Leo@gmail.com
16795,Maurine,Yglesias,1984-09-10,F,4145737719,maurine_yglesias@yglesias.com
17479,Natalie,Fern,1995-01-16,F,3072793793,natalie.fern@hotmail.com
17725,Penney,Weight,1977-06-27,F,9078732882,penney_weight@aol.com
18026,Moon,Parlato,1993-06-28,M,5854984278,moon@yahoo.com
18926,Monica,Palo,1993-06-29,F,5894984278,monicap@yahoo.com
19251,Fletcher,Flosi,1985-12-20,M,8154265657,fletcher.flosi@yahoo.com
19261,Suki,Warter,1986-08-02,F,1236547895,Suki@gmail.com
20230,Alisha,Slusarski,1989-01-10,F,7326353453,alisha@slusarski.com
20777,Mitsue,Tollner,1986-03-25,F,7739248565,mitsue_tollner@yahoo.com
21146,Emerson,Bowley,1978-01-15,M,6086587940,emerson.bowley@bowley.org
21544,Rozella,Ostrosky,1995-08-12,F,8056091531,rozella.ostrosky@ostrosky.com
21636,Lisha,Centini,1979-10-24,F,7034757568,lisha@centini.org
21648,Rick,Ander,1990-11-03,M,8759211486,Rick@gmail.com
21706,Stephaine,Barfield,1992-01-15,F,3109681219,stephaine@barfield.com
21860,Blondell,Pugh,1983-05-12,M,4013008122,bpugh@aol.com
21906,Blair,Malet,1987-07-18,F,2157944519,bmalet@yahoo.com
22128,Yuki,Whobrey,1987-06-10,F,3133414470,yuki_whobrey@aol.com
22400,Maryan,Lucifer,1978-12-27,F,741852965,Maryan@gmail.com
23063,Brock,Bolognia,1997-01-06,M,2126175063,bbolognia@yahoo.com
23089,Maryann,Royster,1999-10-03,F,5184488982,mroyster@royster.com
23099,Marry,Lui,1984-01-02,"F	",8576938698,calbares@gmail.com
23393,Meaghan,Garufi,1990-07-13,F,9312357959,meaghan@hotmail.com
24529,Cammy,Albares,1979-08-21,F,9568417216,alba@cox.net
25077,Flishia,Keys,1994-01-09,M,4561237896,Flishia@gmail.com
25279,Dyan,Oldroyd,1978-06-01,M,9136458918,NULL
25451,Wilda,Giguere,1985-12-14,F,9079149482,wilda@cox.net
25471,Lai,Gato,1978-10-01,M,8479574614,lai.gato@gato.org
25766,Donette,Foller,1977-06-18,M,5135495617,donette.foller@cox.net
26087,Allene,Iturbide,1999-02-15,F,7155309863,allene_iturbide@cox.net
26328,Cory,Gibes,1997-05-21,M,6266962777,cory.gibes@gmail.com
26682,Kati,Rulapaugh,1983-05-28,F,7852197724,kati.rulapaugh@hotmail.com
26827,Meghan,Markel,1999-12-28,M,4597682465,Meghan@gmail.com
26947,Bobbye,Rhym,1986-05-04,M,6508119032,brhym@rhym.com
27059,Alishia,Sergi,1982-01-10,M,2127532740,asergi@gmail.com
27112,Tawna,Buvens,1986-03-23,F,2124629157,tawna@gmail.com
27535,Alba,Jobes,1985-06-15,M,4123698723,Alba@gmail.com
28335,Jamal,Vanausdal,1993-05-02,M,7329042931,jamal@vanausdal.org
28633,Dillard,Dillions,1975-08-05,M,7894561238,Dillard@gmail.com
28713,Ryan,Gosling,1996-01-22,F,2574695123,Ryan@gmail.com
28936,Joye,Tribianni,1989-10-04,F,76325855481,"Joye @gmail.com"
28961,Kallie,Blackwood,1991-06-14,M,4156047609,kallie.blackwood@gmail.com
28995,James,Butt,1968-12-12,M,5048451427,jbutt@gmail.com
29165,Micaela,Rhymes,1995-09-02,M,9255227798,micaela_rhymes@gmail.com
29267,Jane,Roller,2000-07-23,M,854967218,Jane@gmail.com
29829,Simon,losi,1991-05-24,F,8576938697,Simon@gmail.com
30081,Lorancine,Gobbs,1977-08-11,F,6321478961,Lorancine@gmail.com
30309,Elvera,Benimadho,1979-01-06,F,4084408447,elvera.benimadho@cox.net
30655,Carmelina,Lindall,1994-01-13,F,3038745160,carmelina_lindall@lindall.com
30696,Allen,Holms,1991-06-21,F,7539517412,Allen@gmail.com
30981,Lorancine,Gobbs,1977-08-11,F,6321478961,Lorancine@gmail.com
31060,Phoebe,Buffay,1986-10-09,F,96544758721,Phoebe@gmail.com
31365,Cavera,Fog,1992-01-20,M,1357982147,Cavera@gmail.com
31448,Zella,John,1981-06-26,F,9632541785,Zella@gmail.com
31468,Zella,John,1981-06-26,F,9632541785,Zella@gmail.com
31565,Lemerson,Batchu,1978-05-25,M,9514786325,Lemerson@gmail.com
32099,Solange,Shinko,1984-05-21,F,5042658174,solange@shinko.com
32452,Mattie,Poquette,1984-05-16,M,6029536360,mattie@aol.com
32808,Lena,Rimu,1976-08-05,"F	",5689521478,Lena@gmail.com
32905,Seronika,Williams,1997-09-23,F,7894561235,Seronika@gmail.com
32980,Youlanda,Schemmer,1999-03-31,M,5419932611,youlanda@aol.com
33199,Tamar,Hoogland,2000-07-09,M,7405265410,tamar@hotmail.com
33665,Delmy,Ahle,1987-04-08,F,4015598961,delmy.ahle@hotmail.com
34033,Amie,Loui,1994-12-19,M,7896321475,Amie@gmail.com
34489,Josephine,Darakjy,1983-11-04,F,8103749840,josephine_darakjy@darakjy.org
34774,Shenika,Seewald,1997-04-14,F,8187498650,shenika@gmail.com
34851,Albina,Glick,1986-05-29,F,7327826701,albina@glick.com
34873,Stephen,Emigh,1980-09-16,M,3307002312,stephen_emigh@hotmail.com
34988,Elly,Morocco,1989-08-21,F,8144203553,elly_morocco@gmail.com
35093,Sabra,Uyetake,1979-11-05,F,8036813678,sabra@uyetake.org
35427,Ezekiel,Chui,1987-07-05,M,4102358738,ezekiel@chui.com
35584,Abel,Maclead,1998-06-03,M,6316773675,amaclead@gmail.com
35871,Chanel,Caudy,1978-10-22,F,9138991103,chanel.caudy@caudy.org
35943,Lorrie,Nestle,1993-08-27,F,9313036041,lnestle@hotmail.com
36374,Lavera,Perin,1990-04-15,F,3059952078,lperin@perin.org
36509,Roxane,Campain,1994-03-18,F,9073356568,roxane@hotmail.com
36552,Artic,Rutag,1989-08-03,M,5214789754,Artic@gmail.com
36873,Kat,Hudson,1978-12-05,M,524692581,Kat@gmail.com
37181,Kristin,Sten,1993-11-17,M,3795624725,Kristin@gmail.com
37663,Leota,Dilliard,1985-11-04,F,4088131105,leota@hotmail.com
37841,Matthew,Perry,1975-10-04,M,9739553648,Matthew@gmail.com
38128,Joseph,Toll,1975-12-19,M,2158749657,Joseph@gmail.com
38718,Lenna,Paprocki,1998-04-15,F,9079212010,lpaprocki@hotmail.com
38805,Tammara,Wardrip,1978-02-12,M,6502165075,twardrip@cox.net
39272,Jina,Briddick,1998-05-31,M,6179975771,jina_briddick@briddick.com
39415,Ilene,Eroman,1978-07-04,F,4109374543,ilene.eroman@hotmail.com
39884,Jocylene,Rose,1988-08-13,F,75447782196,Jocylene@gmail.com
39944,Sarah,Parker,1986-09-11,M,84547965218,sarah@gmail.com
40107,Ernie,Stenseth,1994-11-28,M,2013879093,ernie_stenseth@aol.com
40175,Valentine,Gillian,1992-08-16,F,2103006244,valentine_gillian@gmail.com
40382,Malinda,Hochard,1981-02-13,F,3174722412,malinda.hochard@yahoo.com
40426,Amber,Monarrez,1991-11-24,F,2153296386,amber_monarrez@monarrez.org
40439,Simona,Morasca,1975-04-29,F,4198006759,simona@morasca.com
40730,Johnetta,Abdallah,1983-11-18,F,9197153791,johnetta_abdallah@aol.com
40804,Kanisha,Waycott,1987-10-10,F,3233157314,kanisha_waycott@yahoo.com
41123,Carma,Vanheusen,1977-01-19,M,5104524835,carma@cox.net
41143,Sager,hui,1983-11-10,M,8541247935,Sager@gmail.com
41199,Art,Venere,1978-01-16,F,8562644130,art@venere.org
41790,Kanish,Molly,1991-01-21,F,4574905245,Kanish@gmail.com
41805,Veronika,Inouye,1983-06-01,F,4088134592,vinouye@aol.com
41878,Chan,Ku,1998-07-05,F,7539519632,Chan@gmail.com
41984,Ammie,Corrio,1980-10-05,F,6146483265,ammie@corrio.com
42327,Ina,Leuch,1996-06-17,M,4874631595,Ina@gmail.com
42929,Marjory,Mastella,1980-04-09,F,6103797125,mmastella@mastella.com
43155,Jose,Stockham,1991-05-03,M,2125694233,jose@yahoo.com
43731,Atima,Fanny,1986-03-02,F,7831596545,Atima@gmail.com
44040,Alish,Patty,1978-11-29,M,3692581475,Alish@gmail.com
44429,Karl,Klonowski,1983-04-12,M,9084704661,karl_klonowski@yahoo.com
44459,Willow,Kusko,1988-01-10,M,2129345167,wkusko@yahoo.com
44493,Lange,Kim,1988-06-27,M,7852369412,Lange@gmail.com
44893,Lange,Kim,1988-06-27,M,7852369412,Lange@gmail.com
45693,Lange,Kim,1988-06-27,M,7852369412,Lange@gmail.com
46556,Gillow,Greard,1994-06-08,F,7539511478,Gillow@gmail.com
46656,Leonard,Caprio,1995-11-28,M,85536784812,Lenoard@gmail.com
47188,Bernardo,Figeroa,1996-12-11,M,9365973614,bfigeroa@aol.com
47389,Sage,Wieser,1982-07-29,M,6057945895,sage_wieser@cox.net
47457,Graciela,Ruta,1992-03-12,F,4405797763,gruta@cox.net
47839,Fatima,Saylors,1992-11-18,F,9524792375,fsaylors@saylors.org
48269,Tonette,Wenner,1975-05-22,M,5163334861,twenner@aol.com
48824,Willard,Kolmetz,1998-01-02,M,9728964882,willard@hotmail.com
48967,Francine,Vocelka,1983-04-02,M,5093355293,francine_vocelka@vocelka.com
49532,Blac,Jessica,1991-07-13,M,9874123541,doldroyd@aol.com
